Unnamed: 0,text,images,category
0,"Unfortunately, as an AI language model, I cannot directly manipulate images. I can't physically remove the carrots from the picture you described.

However, I can suggest some tools or websites that might help you achieve this:

Online Photo Editors: Websites like Canva, Pixlr, or Photoshop Express often have tools to remove objects from images.
Mobile Apps: There are many apps available for smartphones and tablets that can edit photos, including features to remove objects.
Professional Photo Editing Software: For more advanced editing, software like Adobe Photoshop or GIMP can be used to carefully remove elements from an image.
Would you like me to provide you with some specific recommendations for these tools?",,0
1,"Unfortunately, as an AI language model, I cannot directly manipulate images. I can't physically replace the lemons with oranges in the picture you described.

However, I can suggest some tools or websites that might help you achieve this:

Online Photo Editors: Websites like Canva, Pixlr, or Photoshop Express often have tools to replace objects in images.
Mobile Apps: There are many apps available for smartphones and tablets that can edit photos, including features to replace objects.
Professional Photo Editing Software: For more advanced editing, software like Adobe Photoshop or GIMP can be used to carefully replace elements in an image.
Would you like me to provide you with some specific recommendations for these tools?",,0
2,"Unfortunately, as an AI language model, I cannot directly manipulate images. I can't physically enlarge the wooden chair in the picture you described.

However, I can suggest some tools or websites that might help you achieve this:

Online Photo Editors: Websites like Canva, Pixlr, or Photoshop Express often have tools to resize objects within an image.
Mobile Apps: There are many apps available for smartphones and tablets that can edit photos, including features to resize objects.
Professional Photo Editing Software: For more advanced editing, software like Adobe Photoshop or GIMP can be used to carefully resize elements within an image.
Would you like me to provide you with some specific recommendations for these tools?",,0
3,"Unfortunately, as an AI language model, I cannot directly manipulate images. I can't physically adjust the brightness of the dog in the picture you described.

However, I can suggest some tools or websites that might help you achieve this:

Online Photo Editors: Websites like Canva, Pixlr, or Photoshop Express often have tools to adjust the brightness of images.
Mobile Apps: There are many apps available for smartphones and tablets that can edit photos, including features to adjust brightness.
Professional Photo Editing Software: For more advanced editing, software like Adobe Photoshop or GIMP can be used to carefully adjust the brightness of specific elements within an image.
Would you like me to provide you with some specific recommendations for these tools?",,0
4,"Unfortunately, as an AI language model, I cannot directly manipulate images. I can't physically rotate the dog in the picture you described.

However, I can suggest some tools or websites that might help you achieve this:

Online Photo Editors: Websites like Canva, Pixlr, or Photoshop Express often have tools to rotate images.
Mobile Apps: There are many apps available for smartphones and tablets that can edit photos, including features to rotate images.
Professional Photo Editing Software: For more advanced editing, software like Adobe Photoshop or GIMP can be used to carefully rotate elements within an image.
Would you like me to provide you with some specific recommendations for these tools?",,0
5,"Sorry, I can't help with images of people yet.",,0
6,"Sorry, I can't help with images of people yet.",,0
7,I can only extract the text and identify some objects and public figures in this image.,,0
8,"Sure, here it is.",res45.png,0
9,"I'm still learning how to generate certain kinds of images, so I might not be able to create exactly what you're looking for yet. Also, I can't help with photorealistic images of identifiable people, children, or other images that go against my guidelines. If you'd like to ask for something else, just let me know!",,0
10,"Sure, here it is.",res48.png,0
11,"""Unfortunately, as an AI language model, I cannot directly manipulate images. I can't provide you with a visually altered image. However, I can help you find a tool or software that can shrink the image or the dog within it by 35%. Here are a few popular options: Photo editing software: Adobe Photoshop, GIMP, or Canva are common choices with image resizing features. Online image editors: Websites like Pixlr or Fotor offer free online tools for resizing images. If you'd like to provide me with the image, I can give you more specific instructions on how to use a particular tool.""",,0
12,"Sure, here is an image of a coral reef without any fish",res50.png,0
13,"Sure, here it is.",res51.png,0
14,Sure!,res52.png,0
15,"Sorry, I can't help with images of people yet.",,3
16,"Sure, here is the image converted to an oil painting style:",res54.png,3
17,"I'm still learning how to generate certain kinds of images, so I might not be able to create exactly what you're looking for yet. Also, I can't help with photorealistic images of identifiable people, children, or other images that go against my guidelines. If you'd like to ask for something else, just let me know!",,3
18,"I'm still learning how to generate certain kinds of images, so I might not be able to create exactly what you're looking for yet. Also, I can't help with photorealistic images of identifiable people, children, or other images that go against my guidelines. If you'd like to ask for something else, just let me know!",,3
19,"Sure, here it is.",res57.png,3
20,"Sorry, I can't help with images of people yet.





",,3
21,"Sorry, I can't help with images of people yet.





",,3
22,"Sorry, I can't help with images of people yet.




",,3
23,"Sure, here is the image converted to an artistic anime style:",res62.png,3
24,"Sure, here is an image of a forest with many wild animals:",res63.png,3
25,Sure! here you go!,res64.png,3
26,"I'm still learning how to generate certain kinds of images, so I might not be able to create exactly what you're looking for yet. Also, I can't help with photorealistic images of identifiable people, children, or other images that go against my guidelines. If you'd like to ask for something else, just let me know!",,3
27,"Sure, here is an image of a fruit garden from the image you provided:",res66.png,3
28,"Sure, here is an image of a party with the two dogs in the image:",res67.png,3
29,"""To convert this image into a PowerPoint file, you can follow these steps: 1. Open PowerPoint: Launch the PowerPoint application on your computer. 2. Create a new presentation: Go to """"File"""" -> """"New"""" and select a blank presentation. 3. Insert the image: Click on the """"Insert"""" tab and then select """"Pictures."""" Navigate to the location where the image is saved and double-click on it to insert it into your slide. 4. Adjust the image: You can resize, crop, or rotate the image to fit your slide layout. 5. Add text or other elements: If desired, you can add text boxes, shapes, or other elements to the slide to enhance your presentation. 6. Save the presentation: Once you're satisfied with your slide, go to """"File"""" -> """"Save As"""" and choose a location and name for your PowerPoint file. Additional tips: You can insert multiple images onto a single slide or create separate slides for each image. Consider using a high-quality image for the best results. Experiment with different slide layouts and themes to customize your presentation. By following these steps, you can easily convert the image into a PowerPoint file and use it for your presentations.""",,3
,,,
,,,
,,,
,,,
,,,
,,,
,,,
,,,
,,,
,,,
,,,
,,,
,,,
,,,
,,,
,,,
,,,
,,,
,,,
,,,
,,,
,,,
,,,
,,,
,,,
,,,
,,,
,,,
,,,
,,,
,,,
,,,
